{
  "accuracy": 0.8444321751594543,
  "loss": 0.4807540774345398,
  "precision": 0.8943744897842407,
  "recall": 0.8018266558647156,
  "val_accuracy": 0.7811731696128845,
  "val_loss": 0.7374608516693115,
  "val_precision": 0.8424685597419739,
  "val_recall": 0.7288373708724976,
  "learning_rate": 0.0010000000474974513,
  "epoch": 8,
  "global_step": 2808
}