{
  "accuracy": 0.8177849054336548,
  "loss": 0.5588987469673157,
  "precision": 0.8791984915733337,
  "recall": 0.7618808746337891,
  "val_accuracy": 0.7790656685829163,
  "val_loss": 0.7503576874732971,
  "val_precision": 0.8459016680717468,
  "val_recall": 0.7249736785888672,
  "learning_rate": 0.0010000000474974513,
  "epoch": 6,
  "global_step": 2184
}