{
  "accuracy": 0.7557083368301392,
  "loss": 0.7643702626228333,
  "precision": 0.8421316742897034,
  "recall": 0.6740603446960449,
  "val_accuracy": 0.7611520886421204,
  "val_loss": 0.7590065598487854,
  "val_precision": 0.8496273756027222,
  "val_recall": 0.6807165145874023,
  "learning_rate": 0.0010000000474974513,
  "epoch": 3,
  "global_step": 1248
}