{
  "accuracy": 0.8033823370933533,
  "loss": 0.6111559271812439,
  "precision": 0.8692952394485474,
  "recall": 0.7446178793907166,
  "val_accuracy": 0.7773094773292542,
  "val_loss": 0.7240286469459534,
  "val_precision": 0.8531994819641113,
  "val_recall": 0.7165437340736389,
  "learning_rate": 0.0010000000474974513,
  "epoch": 5,
  "global_step": 1872
}