{
  "accuracy": 0.8008731603622437,
  "loss": 0.6149250268936157,
  "precision": 0.868605375289917,
  "recall": 0.7404526472091675,
  "val_accuracy": 0.7787144184112549,
  "val_loss": 0.7285164594650269,
  "val_precision": 0.844748854637146,
  "val_recall": 0.714787483215332,
  "learning_rate": 0.0010000000474974513,
  "epoch": 5,
  "global_step": 1872
}