{
  "accuracy": 0.7989662289619446,
  "loss": 0.620586097240448,
  "precision": 0.8683635592460632,
  "recall": 0.737893283367157,
  "val_accuracy": 0.7702845335006714,
  "val_loss": 0.7460433840751648,
  "val_precision": 0.8549266457557678,
  "val_recall": 0.7161924839019775,
  "learning_rate": 0.0010000000474974513,
  "epoch": 5,
  "global_step": 1872
}